{
  "format": "omega_soft_robotics",
  "version": "1.0",
  "design": {
    "id": "GD-20260128-0014",
    "name": "Power Gripper - Wet - Medium Objects",
    "created_at": "2026-01-28T22:58:56.445319",
    "source_gesture": "power",
    "source_parameters": {
      "aperture": 0.05,
      "force_requirement": 10.0,
      "object_compliance": 0.5,
      "environment": "wet"
    },
    "num_fingers": 4,
    "finger_designs": [
      {
        "length_mm": 75.00000000000001,
        "width_mm": 11.250000000000002,
        "thickness_mm": 6.750000000000001,
        "num_segments": 4,
        "taper_ratio": 0.7,
        "material": "dragonskin_10",
        "actuator": "pneumatic",
        "stiffness_gradient": [
          1.0,
          0.85,
          0.7,
          0.55
        ],
        "tendon_routing": null
      },
      {
        "length_mm": 75.00000000000001,
        "width_mm": 11.250000000000002,
        "thickness_mm": 6.750000000000001,
        "num_segments": 4,
        "taper_ratio": 0.7,
        "material": "dragonskin_10",
        "actuator": "pneumatic",
        "stiffness_gradient": [
          1.0,
          0.85,
          0.7,
          0.55
        ],
        "tendon_routing": null
      },
      {
        "length_mm": 75.00000000000001,
        "width_mm": 11.250000000000002,
        "thickness_mm": 6.750000000000001,
        "num_segments": 4,
        "taper_ratio": 0.7,
        "material": "dragonskin_10",
        "actuator": "pneumatic",
        "stiffness_gradient": [
          1.0,
          0.85,
          0.7,
          0.55
        ],
        "tendon_routing": null
      },
      {
        "length_mm": 75.00000000000001,
        "width_mm": 11.250000000000002,
        "thickness_mm": 6.750000000000001,
        "num_segments": 4,
        "taper_ratio": 0.7,
        "material": "dragonskin_10",
        "actuator": "pneumatic",
        "stiffness_gradient": [
          1.0,
          0.85,
          0.7,
          0.55
        ],
        "tendon_routing": null
      }
    ],
    "palm_radius_mm": 25.0,
    "palm_thickness_mm": 10.0,
    "primary_actuator": "pneumatic",
    "actuation_pressure_kpa": null,
    "actuation_voltage_v": null,
    "max_aperture_mm": 50.0,
    "max_force_n": 15.0,
    "grasp_speed_mm_per_s": 30.0,
    "confidence": 0.7999999999999999,
    "uncertainty_factors": [
      "Well-studied grasp type (+10%)",
      "Mid-range compliance - good material match (+5%)",
      "Wet environment - friction modeling uncertain (-5%)"
    ],
    "failure_modes": [
      {
        "mode": "Slip on smooth surfaces",
        "probability": 0.5,
        "mitigation": "Add textured surface or increase normal force"
      },
      {
        "mode": "Air leak at seal",
        "probability": 0.2,
        "mitigation": "Redundant seals, pressure monitoring"
      },
      {
        "mode": "Slow response time",
        "probability": 0.25,
        "mitigation": "Smaller chambers, higher flow valves"
      },
      {
        "mode": "Reduced friction in wet conditions",
        "probability": 0.4,
        "mitigation": "Hydrophilic surface treatment"
      }
    ],
    "tags": [
      "power",
      "pneumatic",
      "wet",
      "medium"
    ],
    "notes": ""
  },
  "stage": {
    "upAxis": "Z",
    "metersPerUnit": 0.001
  },
  "prims": [
    {
      "path": "/gripper/palm",
      "type": "Cylinder",
      "radius": 25.0,
      "height": 10.0,
      "material": "silicone"
    },
    {
      "path": "/gripper/finger_0",
      "type": "Capsule",
      "radius": 5.625000000000001,
      "height": 75.00000000000001,
      "rotation": [
        0,
        0,
        0.0
      ],
      "segments": 4,
      "material": "dragonskin_10"
    },
    {
      "path": "/gripper/finger_1",
      "type": "Capsule",
      "radius": 5.625000000000001,
      "height": 75.00000000000001,
      "rotation": [
        0,
        0,
        90.0
      ],
      "segments": 4,
      "material": "dragonskin_10"
    },
    {
      "path": "/gripper/finger_2",
      "type": "Capsule",
      "radius": 5.625000000000001,
      "height": 75.00000000000001,
      "rotation": [
        0,
        0,
        180.0
      ],
      "segments": 4,
      "material": "dragonskin_10"
    },
    {
      "path": "/gripper/finger_3",
      "type": "Capsule",
      "radius": 5.625000000000001,
      "height": 75.00000000000001,
      "rotation": [
        0,
        0,
        270.0
      ],
      "segments": 4,
      "material": "dragonskin_10"
    }
  ]
}