[
  {
    "id": "EXP-3C7E30D1",
    "design_id": "GD-20260128-0001",
    "timestamp": "2026-01-29T09:36:13.661343",
    "success": true,
    "task": "egg_handling",
    "environment": "unknown",
    "grasp_success_rate": null,
    "damage_occurred": null,
    "slip_occurred": null,
    "cycle_count": null,
    "gesture": null,
    "num_fingers": null,
    "actuator_type": null,
    "material": null,
    "compliance": null,
    "notes": "Worked well",
    "experimenter": null
  },
  {
    "id": "EXP-2A2606AD",
    "design_id": "GD-20260128-0002",
    "timestamp": "2026-01-29T09:36:18.165627",
    "success": false,
    "task": "egg_handling",
    "environment": "unknown",
    "grasp_success_rate": null,
    "damage_occurred": null,
    "slip_occurred": null,
    "cycle_count": null,
    "gesture": null,
    "num_fingers": null,
    "actuator_type": null,
    "material": null,
    "compliance": null,
    "notes": "Slipped",
    "experimenter": null
  },
  {
    "id": "EXP-187DB48D",
    "design_id": "GD-20260128-0003",
    "timestamp": "2026-01-29T09:36:22.701199",
    "success": true,
    "task": "pick_and_place",
    "environment": "unknown",
    "grasp_success_rate": null,
    "damage_occurred": null,
    "slip_occurred": null,
    "cycle_count": null,
    "gesture": null,
    "num_fingers": null,
    "actuator_type": null,
    "material": null,
    "compliance": null,
    "notes": null,
    "experimenter": null
  }
]