{
  "format": "omega_soft_robotics",
  "version": "1.0",
  "design": {
    "id": "GD-20260128-0019",
    "name": "Wrap Gripper - Dry - Rigid Objects",
    "created_at": "2026-01-28T22:58:56.457139",
    "source_gesture": "wrap",
    "source_parameters": {
      "aperture": 0.06,
      "force_requirement": 5.0,
      "object_compliance": 0.2,
      "environment": "dry"
    },
    "num_fingers": 3,
    "finger_designs": [
      {
        "length_mm": 90.0,
        "width_mm": 13.5,
        "thickness_mm": 8.1,
        "num_segments": 3,
        "taper_ratio": 0.7,
        "material": "dragonskin_30",
        "actuator": "pneumatic",
        "stiffness_gradient": [
          1.0,
          0.85,
          0.7
        ],
        "tendon_routing": null
      },
      {
        "length_mm": 90.0,
        "width_mm": 13.5,
        "thickness_mm": 8.1,
        "num_segments": 3,
        "taper_ratio": 0.7,
        "material": "dragonskin_30",
        "actuator": "pneumatic",
        "stiffness_gradient": [
          1.0,
          0.85,
          0.7
        ],
        "tendon_routing": null
      },
      {
        "length_mm": 90.0,
        "width_mm": 13.5,
        "thickness_mm": 8.1,
        "num_segments": 3,
        "taper_ratio": 0.7,
        "material": "dragonskin_30",
        "actuator": "pneumatic",
        "stiffness_gradient": [
          1.0,
          0.85,
          0.7
        ],
        "tendon_routing": null
      }
    ],
    "palm_radius_mm": 30.0,
    "palm_thickness_mm": 10.0,
    "primary_actuator": "pneumatic",
    "actuation_pressure_kpa": null,
    "actuation_voltage_v": null,
    "max_aperture_mm": 60.0,
    "max_force_n": 7.5,
    "grasp_speed_mm_per_s": 30.0,
    "confidence": 0.6,
    "uncertainty_factors": [
      "Less common grasp type - limited validation data",
      "Extreme compliance - material selection uncertain (-10%)"
    ],
    "failure_modes": [
      {
        "mode": "Slip on smooth surfaces",
        "probability": 0.3,
        "mitigation": "Add textured surface or increase normal force"
      },
      {
        "mode": "Air leak at seal",
        "probability": 0.2,
        "mitigation": "Redundant seals, pressure monitoring"
      },
      {
        "mode": "Slow response time",
        "probability": 0.25,
        "mitigation": "Smaller chambers, higher flow valves"
      }
    ],
    "tags": [
      "wrap",
      "pneumatic",
      "dry",
      "rigid"
    ],
    "notes": ""
  },
  "stage": {
    "upAxis": "Z",
    "metersPerUnit": 0.001
  },
  "prims": [
    {
      "path": "/gripper/palm",
      "type": "Cylinder",
      "radius": 30.0,
      "height": 10.0,
      "material": "silicone"
    },
    {
      "path": "/gripper/finger_0",
      "type": "Capsule",
      "radius": 6.75,
      "height": 90.0,
      "rotation": [
        0,
        0,
        0.0
      ],
      "segments": 3,
      "material": "dragonskin_30"
    },
    {
      "path": "/gripper/finger_1",
      "type": "Capsule",
      "radius": 6.75,
      "height": 90.0,
      "rotation": [
        0,
        0,
        120.0
      ],
      "segments": 3,
      "material": "dragonskin_30"
    },
    {
      "path": "/gripper/finger_2",
      "type": "Capsule",
      "radius": 6.75,
      "height": 90.0,
      "rotation": [
        0,
        0,
        240.0
      ],
      "segments": 3,
      "material": "dragonskin_30"
    }
  ]
}