{
  "id": "GD-20260129-0001",
  "name": "Pinch Gripper",
  "created_at": "2026-01-29T09:30:51.950611",
  "source_gesture": "pinch",
  "source_parameters": {
    "aperture": 0.05,
    "force_requirement": 5.0,
    "object_compliance": 0.5,
    "environment": "dry"
  },
  "num_fingers": 2,
  "finger_designs": [
    {
      "length_mm": 75.00000000000001,
      "width_mm": 11.250000000000002,
      "thickness_mm": 6.750000000000001,
      "num_segments": 4,
      "taper_ratio": 0.7,
      "material": "dragonskin_10",
      "actuator": "tendon",
      "stiffness_gradient": [
        1.0,
        0.85,
        0.7,
        0.55
      ],
      "tendon_routing": {
        "num_tendons": 2,
        "routing_pattern": "antagonist",
        "anchor_points": [
          [
            0,
            0,
            0
          ],
          [
            0,
            0,
            75.00000000000001
          ]
        ],
        "max_tension_n": 20.0,
        "stiffness_n_per_m": 1000.0
      }
    },
    {
      "length_mm": 75.00000000000001,
      "width_mm": 11.250000000000002,
      "thickness_mm": 6.750000000000001,
      "num_segments": 4,
      "taper_ratio": 0.7,
      "material": "dragonskin_10",
      "actuator": "tendon",
      "stiffness_gradient": [
        1.0,
        0.85,
        0.7,
        0.55
      ],
      "tendon_routing": {
        "num_tendons": 2,
        "routing_pattern": "antagonist",
        "anchor_points": [
          [
            0,
            0,
            0
          ],
          [
            0,
            0,
            75.00000000000001
          ]
        ],
        "max_tension_n": 20.0,
        "stiffness_n_per_m": 1000.0
      }
    }
  ],
  "palm_radius_mm": 25.0,
  "palm_thickness_mm": 10.0,
  "primary_actuator": "tendon",
  "actuation_pressure_kpa": null,
  "actuation_voltage_v": null,
  "max_aperture_mm": 50.0,
  "max_force_n": 7.5,
  "grasp_speed_mm_per_s": 50.0,
  "confidence": 0.85,
  "uncertainty_factors": [
    "Well-studied grasp type (+10%)",
    "Mid-range compliance - good material match (+5%)"
  ],
  "failure_modes": [
    {
      "mode": "Slip on smooth surfaces",
      "probability": 0.3,
      "mitigation": "Add textured surface or increase normal force"
    },
    {
      "mode": "Tendon fatigue/breakage",
      "probability": 0.1,
      "mitigation": "Use braided cable, limit max tension"
    },
    {
      "mode": "Friction lock in routing",
      "probability": 0.15,
      "mitigation": "Use PTFE tubing, reduce routing angles"
    }
  ],
  "tags": [
    "pinch",
    "tendon",
    "dry"
  ],
  "notes": ""
}