{
  "format": "omega_soft_robotics",
  "version": "1.0",
  "design": {
    "id": "GD-20260128-0018",
    "name": "Power Gripper - Surgical - Soft Objects",
    "created_at": "2026-01-28T22:58:56.454635",
    "source_gesture": "power",
    "source_parameters": {
      "aperture": 0.03,
      "force_requirement": 5.0,
      "object_compliance": 0.8,
      "environment": "surgical"
    },
    "num_fingers": 3,
    "finger_designs": [
      {
        "length_mm": 45.0,
        "width_mm": 6.75,
        "thickness_mm": 4.05,
        "num_segments": 5,
        "taper_ratio": 0.7,
        "material": "ecoflex_0030",
        "actuator": "pneumatic",
        "stiffness_gradient": [
          1.0,
          0.85,
          0.7,
          0.55,
          0.4
        ],
        "tendon_routing": null
      },
      {
        "length_mm": 45.0,
        "width_mm": 6.75,
        "thickness_mm": 4.05,
        "num_segments": 5,
        "taper_ratio": 0.7,
        "material": "ecoflex_0030",
        "actuator": "pneumatic",
        "stiffness_gradient": [
          1.0,
          0.85,
          0.7,
          0.55,
          0.4
        ],
        "tendon_routing": null
      },
      {
        "length_mm": 45.0,
        "width_mm": 6.75,
        "thickness_mm": 4.05,
        "num_segments": 5,
        "taper_ratio": 0.7,
        "material": "ecoflex_0030",
        "actuator": "pneumatic",
        "stiffness_gradient": [
          1.0,
          0.85,
          0.7,
          0.55,
          0.4
        ],
        "tendon_routing": null
      }
    ],
    "palm_radius_mm": 15.0,
    "palm_thickness_mm": 10.0,
    "primary_actuator": "pneumatic",
    "actuation_pressure_kpa": null,
    "actuation_voltage_v": null,
    "max_aperture_mm": 30.0,
    "max_force_n": 7.5,
    "grasp_speed_mm_per_s": 30.0,
    "confidence": 0.6,
    "uncertainty_factors": [
      "Well-studied grasp type (+10%)",
      "Extreme compliance - material selection uncertain (-10%)",
      "Surgical environment - regulatory uncertainty (-10%)"
    ],
    "failure_modes": [
      {
        "mode": "Slip on smooth surfaces",
        "probability": 0.5,
        "mitigation": "Add textured surface or increase normal force"
      },
      {
        "mode": "Air leak at seal",
        "probability": 0.2,
        "mitigation": "Redundant seals, pressure monitoring"
      },
      {
        "mode": "Slow response time",
        "probability": 0.25,
        "mitigation": "Smaller chambers, higher flow valves"
      },
      {
        "mode": "Object deformation/damage",
        "probability": 0.35,
        "mitigation": "Force limiting, compliance sensing"
      },
      {
        "mode": "Sterilization degradation",
        "probability": 0.15,
        "mitigation": "Autoclave-compatible materials"
      }
    ],
    "tags": [
      "power",
      "pneumatic",
      "surgical",
      "soft"
    ],
    "notes": ""
  },
  "stage": {
    "upAxis": "Z",
    "metersPerUnit": 0.001
  },
  "prims": [
    {
      "path": "/gripper/palm",
      "type": "Cylinder",
      "radius": 15.0,
      "height": 10.0,
      "material": "silicone"
    },
    {
      "path": "/gripper/finger_0",
      "type": "Capsule",
      "radius": 3.375,
      "height": 45.0,
      "rotation": [
        0,
        0,
        0.0
      ],
      "segments": 5,
      "material": "ecoflex_0030"
    },
    {
      "path": "/gripper/finger_1",
      "type": "Capsule",
      "radius": 3.375,
      "height": 45.0,
      "rotation": [
        0,
        0,
        120.0
      ],
      "segments": 5,
      "material": "ecoflex_0030"
    },
    {
      "path": "/gripper/finger_2",
      "type": "Capsule",
      "radius": 3.375,
      "height": 45.0,
      "rotation": [
        0,
        0,
        240.0
      ],
      "segments": 5,
      "material": "ecoflex_0030"
    }
  ]
}