{
  "id": "GD-20260128-0048",
  "name": "Industrial Pick-and-Place",
  "created_at": "2026-01-28T22:58:56.525852",
  "source_gesture": "power",
  "source_parameters": {
    "aperture": 0.08,
    "force_requirement": 20.0,
    "object_compliance": 0.3,
    "environment": "dry"
  },
  "num_fingers": 4,
  "finger_designs": [
    {
      "length_mm": 120.0,
      "width_mm": 18.0,
      "thickness_mm": 10.799999999999999,
      "num_segments": 4,
      "taper_ratio": 0.7,
      "material": "dragonskin_30",
      "actuator": "pneumatic",
      "stiffness_gradient": [
        1.0,
        0.85,
        0.7,
        0.55
      ],
      "tendon_routing": null
    },
    {
      "length_mm": 120.0,
      "width_mm": 18.0,
      "thickness_mm": 10.799999999999999,
      "num_segments": 4,
      "taper_ratio": 0.7,
      "material": "dragonskin_30",
      "actuator": "pneumatic",
      "stiffness_gradient": [
        1.0,
        0.85,
        0.7,
        0.55
      ],
      "tendon_routing": null
    },
    {
      "length_mm": 120.0,
      "width_mm": 18.0,
      "thickness_mm": 10.799999999999999,
      "num_segments": 4,
      "taper_ratio": 0.7,
      "material": "dragonskin_30",
      "actuator": "pneumatic",
      "stiffness_gradient": [
        1.0,
        0.85,
        0.7,
        0.55
      ],
      "tendon_routing": null
    },
    {
      "length_mm": 120.0,
      "width_mm": 18.0,
      "thickness_mm": 10.799999999999999,
      "num_segments": 4,
      "taper_ratio": 0.7,
      "material": "dragonskin_30",
      "actuator": "pneumatic",
      "stiffness_gradient": [
        1.0,
        0.85,
        0.7,
        0.55
      ],
      "tendon_routing": null
    }
  ],
  "palm_radius_mm": 40.0,
  "palm_thickness_mm": 10.0,
  "primary_actuator": "pneumatic",
  "actuation_pressure_kpa": null,
  "actuation_voltage_v": null,
  "max_aperture_mm": 80.0,
  "max_force_n": 30.0,
  "grasp_speed_mm_per_s": 30.0,
  "confidence": 0.85,
  "uncertainty_factors": [
    "Well-studied grasp type (+10%)",
    "Mid-range compliance - good material match (+5%)"
  ],
  "failure_modes": [
    {
      "mode": "Slip on smooth surfaces",
      "probability": 0.3,
      "mitigation": "Add textured surface or increase normal force"
    },
    {
      "mode": "Air leak at seal",
      "probability": 0.2,
      "mitigation": "Redundant seals, pressure monitoring"
    },
    {
      "mode": "Slow response time",
      "probability": 0.25,
      "mitigation": "Smaller chambers, higher flow valves"
    }
  ],
  "tags": [
    "power",
    "pneumatic",
    "dry"
  ],
  "notes": ""
}