{
  "id": "GD-20260128-0034",
  "name": "Hook Gripper - Surgical - Rigid Objects",
  "created_at": "2026-01-28T22:58:56.493185",
  "source_gesture": "hook",
  "source_parameters": {
    "aperture": 0.03,
    "force_requirement": 5.0,
    "object_compliance": 0.2,
    "environment": "surgical"
  },
  "num_fingers": 3,
  "finger_designs": [
    {
      "length_mm": 45.0,
      "width_mm": 6.75,
      "thickness_mm": 4.05,
      "num_segments": 3,
      "taper_ratio": 0.7,
      "material": "dragonskin_30",
      "actuator": "tendon",
      "stiffness_gradient": [
        1.0,
        0.85,
        0.7
      ],
      "tendon_routing": {
        "num_tendons": 2,
        "routing_pattern": "antagonist",
        "anchor_points": [
          [
            0,
            0,
            0
          ],
          [
            0,
            0,
            45.0
          ]
        ],
        "max_tension_n": 20.0,
        "stiffness_n_per_m": 1000.0
      }
    },
    {
      "length_mm": 45.0,
      "width_mm": 6.75,
      "thickness_mm": 4.05,
      "num_segments": 3,
      "taper_ratio": 0.7,
      "material": "dragonskin_30",
      "actuator": "tendon",
      "stiffness_gradient": [
        1.0,
        0.85,
        0.7
      ],
      "tendon_routing": {
        "num_tendons": 2,
        "routing_pattern": "antagonist",
        "anchor_points": [
          [
            0,
            0,
            0
          ],
          [
            0,
            0,
            45.0
          ]
        ],
        "max_tension_n": 20.0,
        "stiffness_n_per_m": 1000.0
      }
    },
    {
      "length_mm": 45.0,
      "width_mm": 6.75,
      "thickness_mm": 4.05,
      "num_segments": 3,
      "taper_ratio": 0.7,
      "material": "dragonskin_30",
      "actuator": "tendon",
      "stiffness_gradient": [
        1.0,
        0.85,
        0.7
      ],
      "tendon_routing": {
        "num_tendons": 2,
        "routing_pattern": "antagonist",
        "anchor_points": [
          [
            0,
            0,
            0
          ],
          [
            0,
            0,
            45.0
          ]
        ],
        "max_tension_n": 20.0,
        "stiffness_n_per_m": 1000.0
      }
    }
  ],
  "palm_radius_mm": 15.0,
  "palm_thickness_mm": 10.0,
  "primary_actuator": "tendon",
  "actuation_pressure_kpa": null,
  "actuation_voltage_v": null,
  "max_aperture_mm": 30.0,
  "max_force_n": 7.5,
  "grasp_speed_mm_per_s": 50.0,
  "confidence": 0.5,
  "uncertainty_factors": [
    "Less common grasp type - limited validation data",
    "Extreme compliance - material selection uncertain (-10%)",
    "Surgical environment - regulatory uncertainty (-10%)"
  ],
  "failure_modes": [
    {
      "mode": "Slip on smooth surfaces",
      "probability": 0.5,
      "mitigation": "Add textured surface or increase normal force"
    },
    {
      "mode": "Tendon fatigue/breakage",
      "probability": 0.1,
      "mitigation": "Use braided cable, limit max tension"
    },
    {
      "mode": "Friction lock in routing",
      "probability": 0.15,
      "mitigation": "Use PTFE tubing, reduce routing angles"
    },
    {
      "mode": "Sterilization degradation",
      "probability": 0.15,
      "mitigation": "Autoclave-compatible materials"
    }
  ],
  "tags": [
    "hook",
    "tendon",
    "surgical",
    "rigid"
  ],
  "notes": ""
}