{
  "format": "omega_soft_robotics",
  "version": "1.0",
  "design": {
    "id": "GD-20260128-0005",
    "name": "Pinch Gripper - Wet - Medium Objects",
    "created_at": "2026-01-28T22:58:56.424695",
    "source_gesture": "pinch",
    "source_parameters": {
      "aperture": 0.03,
      "force_requirement": 3.0,
      "object_compliance": 0.5,
      "environment": "wet"
    },
    "num_fingers": 2,
    "finger_designs": [
      {
        "length_mm": 45.0,
        "width_mm": 6.75,
        "thickness_mm": 4.05,
        "num_segments": 4,
        "taper_ratio": 0.7,
        "material": "dragonskin_10",
        "actuator": "tendon",
        "stiffness_gradient": [
          1.0,
          0.85,
          0.7,
          0.55
        ],
        "tendon_routing": {
          "num_tendons": 2,
          "routing_pattern": "antagonist",
          "anchor_points": [
            [
              0,
              0,
              0
            ],
            [
              0,
              0,
              45.0
            ]
          ],
          "max_tension_n": 20.0,
          "stiffness_n_per_m": 1000.0
        }
      },
      {
        "length_mm": 45.0,
        "width_mm": 6.75,
        "thickness_mm": 4.05,
        "num_segments": 4,
        "taper_ratio": 0.7,
        "material": "dragonskin_10",
        "actuator": "tendon",
        "stiffness_gradient": [
          1.0,
          0.85,
          0.7,
          0.55
        ],
        "tendon_routing": {
          "num_tendons": 2,
          "routing_pattern": "antagonist",
          "anchor_points": [
            [
              0,
              0,
              0
            ],
            [
              0,
              0,
              45.0
            ]
          ],
          "max_tension_n": 20.0,
          "stiffness_n_per_m": 1000.0
        }
      }
    ],
    "palm_radius_mm": 15.0,
    "palm_thickness_mm": 10.0,
    "primary_actuator": "tendon",
    "actuation_pressure_kpa": null,
    "actuation_voltage_v": null,
    "max_aperture_mm": 30.0,
    "max_force_n": 4.5,
    "grasp_speed_mm_per_s": 50.0,
    "confidence": 0.7999999999999999,
    "uncertainty_factors": [
      "Well-studied grasp type (+10%)",
      "Mid-range compliance - good material match (+5%)",
      "Wet environment - friction modeling uncertain (-5%)"
    ],
    "failure_modes": [
      {
        "mode": "Slip on smooth surfaces",
        "probability": 0.5,
        "mitigation": "Add textured surface or increase normal force"
      },
      {
        "mode": "Tendon fatigue/breakage",
        "probability": 0.1,
        "mitigation": "Use braided cable, limit max tension"
      },
      {
        "mode": "Friction lock in routing",
        "probability": 0.15,
        "mitigation": "Use PTFE tubing, reduce routing angles"
      },
      {
        "mode": "Reduced friction in wet conditions",
        "probability": 0.4,
        "mitigation": "Hydrophilic surface treatment"
      }
    ],
    "tags": [
      "pinch",
      "tendon",
      "wet",
      "medium"
    ],
    "notes": ""
  },
  "stage": {
    "upAxis": "Z",
    "metersPerUnit": 0.001
  },
  "prims": [
    {
      "path": "/gripper/palm",
      "type": "Cylinder",
      "radius": 15.0,
      "height": 10.0,
      "material": "silicone"
    },
    {
      "path": "/gripper/finger_0",
      "type": "Capsule",
      "radius": 3.375,
      "height": 45.0,
      "rotation": [
        0,
        0,
        0.0
      ],
      "segments": 4,
      "material": "dragonskin_10"
    },
    {
      "path": "/gripper/finger_1",
      "type": "Capsule",
      "radius": 3.375,
      "height": 45.0,
      "rotation": [
        0,
        0,
        180.0
      ],
      "segments": 4,
      "material": "dragonskin_10"
    }
  ]
}