{
  "id": "GD-20260128-0049",
  "name": "Egg Handler",
  "created_at": "2026-01-28T22:58:56.528128",
  "source_gesture": "squeeze",
  "source_parameters": {
    "aperture": 0.04,
    "force_requirement": 3.0,
    "object_compliance": 0.95,
    "environment": "dry"
  },
  "num_fingers": 4,
  "finger_designs": [
    {
      "length_mm": 60.0,
      "width_mm": 9.0,
      "thickness_mm": 5.3999999999999995,
      "num_segments": 5,
      "taper_ratio": 0.7,
      "material": "ecoflex_0030",
      "actuator": "jamming",
      "stiffness_gradient": [
        1.0,
        0.85,
        0.7,
        0.55,
        0.4
      ],
      "tendon_routing": null
    },
    {
      "length_mm": 60.0,
      "width_mm": 9.0,
      "thickness_mm": 5.3999999999999995,
      "num_segments": 5,
      "taper_ratio": 0.7,
      "material": "ecoflex_0030",
      "actuator": "jamming",
      "stiffness_gradient": [
        1.0,
        0.85,
        0.7,
        0.55,
        0.4
      ],
      "tendon_routing": null
    },
    {
      "length_mm": 60.0,
      "width_mm": 9.0,
      "thickness_mm": 5.3999999999999995,
      "num_segments": 5,
      "taper_ratio": 0.7,
      "material": "ecoflex_0030",
      "actuator": "jamming",
      "stiffness_gradient": [
        1.0,
        0.85,
        0.7,
        0.55,
        0.4
      ],
      "tendon_routing": null
    },
    {
      "length_mm": 60.0,
      "width_mm": 9.0,
      "thickness_mm": 5.3999999999999995,
      "num_segments": 5,
      "taper_ratio": 0.7,
      "material": "ecoflex_0030",
      "actuator": "jamming",
      "stiffness_gradient": [
        1.0,
        0.85,
        0.7,
        0.55,
        0.4
      ],
      "tendon_routing": null
    }
  ],
  "palm_radius_mm": 20.0,
  "palm_thickness_mm": 10.0,
  "primary_actuator": "jamming",
  "actuation_pressure_kpa": null,
  "actuation_voltage_v": null,
  "max_aperture_mm": 40.0,
  "max_force_n": 4.5,
  "grasp_speed_mm_per_s": 30.0,
  "confidence": 0.6,
  "uncertainty_factors": [
    "Less common grasp type - limited validation data",
    "Extreme compliance - material selection uncertain (-10%)"
  ],
  "failure_modes": [
    {
      "mode": "Slip on smooth surfaces",
      "probability": 0.3,
      "mitigation": "Add textured surface or increase normal force"
    },
    {
      "mode": "Object deformation/damage",
      "probability": 0.35,
      "mitigation": "Force limiting, compliance sensing"
    }
  ],
  "tags": [
    "squeeze",
    "jamming",
    "dry"
  ],
  "notes": ""
}